id_inversor,nombre,to,cc,bcc,asunto,cuerpo_html,adjuntos,estado,draft_id,notas
INV-001,Ana Ficticia Ruiz,ana.ficticia@ejemplo.test,asesor.ana@ejemplo.test; gestoria@ejemplo.test,,Andy Garden · Avance de obra agosto de 2026 — Ana Ficticia Ruiz,"<div style=""margin:0;padding:0;background:#f4f5f7"">
  <table role=""presentation"" width=""100%"" cellpadding=""0"" cellspacing=""0"" style=""background:#f4f5f7;padding:24px 12px"">
    <tr>
      <td align=""center"">
        <table role=""presentation"" width=""100%"" cellpadding=""0"" cellspacing=""0""
               style=""max-width:620px;background:#ffffff;border-radius:10px;border:1px solid #e3e6ea"">
          <tr>
            <td style=""padding:22px 28px;border-bottom:2px solid #2f6f4f"">
              <div style=""font:600 17px/1.3 Georgia,'Times New Roman',serif;color:#1f2733"">Andy Garden</div>
              <div style=""font:400 12px/1.4 Arial,Helvetica,sans-serif;color:#6b7280;letter-spacing:.05em;text-transform:uppercase;margin-top:3px"">
                Comunicación a inversores
              </div>
            </td>
          </tr>
          <tr>
            <td style=""padding:26px 28px;font:400 15px/1.65 Arial,Helvetica,sans-serif;color:#28313d"">
<p style=""margin:0 0 16px"">Estimada Ana Ficticia Ruiz:</p>

<p style=""margin:0 0 18px"">Le comparto el estado de avance del proyecto Andy Garden correspondiente a agosto de 2026.</p>

<table role=""presentation"" width=""100%"" cellpadding=""0"" cellspacing=""0""
       style=""margin:0 0 20px;background:#f7f9f8;border:1px solid #e0e7e3;border-radius:8px"">
  <tr>
    <td style=""padding:14px 16px;font:400 13px/1.6 Arial,Helvetica,sans-serif;color:#3d4854"">
      <strong style=""color:#1f2733"">Su participación</strong><br>
      Compromiso: EUR 250.000<br>
      Participación: 12,5%<br>
      Fecha de ingreso: 2026-04-14
    </td>
  </tr>
</table>

<p style=""margin:0 0 8px;font-weight:700;color:#1f2733"">Avance del período</p>
<p style=""margin:0 0 18px"">{{resumen_avance}}</p>

<p style=""margin:0 0 8px;font-weight:700;color:#1f2733"">Próximos pasos</p>
<p style=""margin:0 0 18px"">{{proximos_pasos}}</p>

<p style=""margin:0 0 16px"">Quedo a su disposición para revisar cualquier punto en detalle.</p>

<p style=""margin:24px 0 0;color:#5b6472;font-size:13px;line-height:1.6"">
  Un cordial saludo,<br>
  <strong style=""color:#1f2733"">Ardatz</strong><br>
  Andy Garden
</p>

            </td>
          </tr>
          <tr>
            <td style=""padding:14px 28px 20px;border-top:1px solid #eceef1;font:400 11px/1.5 Arial,Helvetica,sans-serif;color:#8a919c"">
              Comunicación dirigida exclusivamente a Ana Ficticia Ruiz. Contiene información confidencial del proyecto Andy Garden.
            </td>
          </tr>
        </table>
      </td>
    </tr>
  </table>
</div>
",,pendiente_revision,,
INV-002,Grupo Ejemplo S.L.,contacto@grupoejemplo.test,luis@grupoejemplo.test,control@grupoejemplo.test,Andy Garden · Avance de obra agosto de 2026 — Grupo Ejemplo S.L.,"<div style=""margin:0;padding:0;background:#f4f5f7"">
  <table role=""presentation"" width=""100%"" cellpadding=""0"" cellspacing=""0"" style=""background:#f4f5f7;padding:24px 12px"">
    <tr>
      <td align=""center"">
        <table role=""presentation"" width=""100%"" cellpadding=""0"" cellspacing=""0""
               style=""max-width:620px;background:#ffffff;border-radius:10px;border:1px solid #e3e6ea"">
          <tr>
            <td style=""padding:22px 28px;border-bottom:2px solid #2f6f4f"">
              <div style=""font:600 17px/1.3 Georgia,'Times New Roman',serif;color:#1f2733"">Andy Garden</div>
              <div style=""font:400 12px/1.4 Arial,Helvetica,sans-serif;color:#6b7280;letter-spacing:.05em;text-transform:uppercase;margin-top:3px"">
                Comunicación a inversores
              </div>
            </td>
          </tr>
          <tr>
            <td style=""padding:26px 28px;font:400 15px/1.65 Arial,Helvetica,sans-serif;color:#28313d"">
<p style=""margin:0 0 16px"">Estimados Grupo Ejemplo S.L.:</p>

<p style=""margin:0 0 18px"">Le comparto el estado de avance del proyecto Andy Garden correspondiente a agosto de 2026.</p>

<table role=""presentation"" width=""100%"" cellpadding=""0"" cellspacing=""0""
       style=""margin:0 0 20px;background:#f7f9f8;border:1px solid #e0e7e3;border-radius:8px"">
  <tr>
    <td style=""padding:14px 16px;font:400 13px/1.6 Arial,Helvetica,sans-serif;color:#3d4854"">
      <strong style=""color:#1f2733"">Su participación</strong><br>
      Compromiso: EUR 480.000<br>
      Participación: 24,0%<br>
      Fecha de ingreso: 2026-05-02
    </td>
  </tr>
</table>

<p style=""margin:0 0 8px;font-weight:700;color:#1f2733"">Avance del período</p>
<p style=""margin:0 0 18px"">{{resumen_avance}}</p>

<p style=""margin:0 0 8px;font-weight:700;color:#1f2733"">Próximos pasos</p>
<p style=""margin:0 0 18px"">{{proximos_pasos}}</p>

<p style=""margin:0 0 16px"">Quedo a su disposición para revisar cualquier punto en detalle.</p>

<p style=""margin:24px 0 0;color:#5b6472;font-size:13px;line-height:1.6"">
  Un cordial saludo,<br>
  <strong style=""color:#1f2733"">Ardatz</strong><br>
  Andy Garden
</p>

            </td>
          </tr>
          <tr>
            <td style=""padding:14px 28px 20px;border-top:1px solid #eceef1;font:400 11px/1.5 Arial,Helvetica,sans-serif;color:#8a919c"">
              Comunicación dirigida exclusivamente a Grupo Ejemplo S.L.. Contiene información confidencial del proyecto Andy Garden.
            </td>
          </tr>
        </table>
      </td>
    </tr>
  </table>
</div>
",,pendiente_revision,,
